metric	n	median	mad	q01	q05	q25	q75	q95	q99	min	max
pctChimeras	1005	0.21889999999999998	0.14440523999999996	0	0.10424	0.1378	0.6179	1.324299999999999	1.7558000000000038	0	3.8962999999999997
supplementaryRate	537	0.18998050750612022	0.07412761953113824	0.08301223204309391	0.10077597999782797	0.1322905698031624	0.22150890254191172	0.30261413523642994	0.46073106193703683	0.08029543952895325	0.97003517604911
pctSoftclip	1005	0.30569999999999997	0.16530989999999998	0	0.1764	0.2029	0.5301	0.9063999999999999	1.6824999999999999	0	4.460999999999999
pctReadUsed	601	99.7384536423841	0.1087766928476666	97.89646688741722	99.07060132450331	99.45706914032218	99.80053046357617	99.83514437086093	100	95.50964569536423	100
pctProperlyPaired	537	98.81839643306309	0.5245997921053666	97.84060288495449	97.99585821246963	98.4705581741227	99.20194255528408	99.52236316330236	99.59744804442582	97.52426325086655	99.62655660590332
pctExcOverlap	1111	1.7825	1.0203253199999998	0.70993	0.8385999999999999	1.1766	2.7727999999999997	7.424600000000001	21.637020000000028	0.5772	26.7361
pctExcTotal	1111	20.2758	9.90258192	10.10551	11.0923	13.6344	27.039100000000005	31.6252	43.5023	8.9852	49.6577
meanCoverage	1111	89.230624	32.973308659199986	28.632304	29.7666435	47.591733	104.37467749999999	147.90480150000002	163.536189	20.894585	661.439633
insertSizeAverage	537	405.7	20.459880000000016	297.272	340.5	388.9	417.1	444.5	460.61199999999997	258.1	464.1
pctImproperPairs	1005	0.808	0.44774520000000007	0.006904	0.41037999999999997	0.5710999999999999	1.2466	1.7475999999999998	2.0855960000000002	0.0039	4.2313
interChromRate	537	0.23443691677405837	0.10877480808739816	0.11649595805537999	0.1393831171853592	0.19154323769231196	0.48227509256143974	0.663086778894957	0.7431924317019054	0.09931872869102423	0.7771503690387976
pctExcDupe	1111	11.5937	7.315000139999999	4.14236	5.0611999999999995	6.70905	16.5965	21.98005	23.5187	2.5354	26.0942
